id;name;estimated_end_date;end_date
1;scalable;2019-07-03T07:24:16;2019-07-03T09:34:54
2;Administrator;2019-07-02T16:50:14;2019-07-03T01:53:38
3;24 hour;2019-07-03T11:01:58;2019-07-02T15:48:00
4;monitor;2019-07-02T17:52:29;2019-07-02T16:24:25
5;Checking Account Identity deposit;2019-07-02T13:24:43;2019-07-02T14:39:24
6;Investment Account archive Fantastic Plastic Chicken;2019-07-03T03:33:59;2019-07-02T19:23:20
7;New York tangible Mississippi;2019-07-03T02:10:50;2019-07-03T08:30:02
8;bus synthesize Idaho;2019-07-02T16:52:04;2019-07-03T05:13:31
9;Sleek Metal Table Small;2019-07-03T00:49:37;2019-07-03T08:46:53
10;Outdoors;2019-07-02T20:05:50;2019-07-02T23:57:43
