id;name;description;estimated_end_date
1;mobile Fish;Home Loan Account Table Computer;2019-07-03T09:58:36
2;FTP Savings Account;deposit Tasty Metal Bacon Implementation;2019-07-03T11:21:08
3;Officer;methodology Albania;2019-07-03T01:00:15
4;intangible;enable Gorgeous Frozen Pants;2019-07-03T05:47:04
5;Licensed Savings Account;Cambridgeshire Mississippi;2019-07-03T10:15:22
6;Credit Card Account Table Small Frozen Sausages;South Dakota envisioneer Music;2019-07-03T05:49:46
7;Monitored Bahamian Dollar Investment Account;Games Regional Digitized;2019-07-02T19:28:14
8;hardware Costa Rica Mayotte;Industrial;2019-07-02T15:09:22
9;Views e-enable Communications;National Awesome sky blue;2019-07-03T10:17:07
10;software scale interactive;Louisiana Specialist Home Loan Account;2019-07-03T04:44:49
